Sails.js From Scratch|Sails.js|2015-11-13 00:00:00 UTC|1.9
Build a CMS With Laravel|Laravel|2015-11-11 00:00:00 UTC|2.9
Upgrade an App to watchOS 2|Smart Watch App|2015-11-10 00:00:00 UTC|0.7
Create a Rails API|Ruby on Rails|2015-11-04 00:00:00 UTC|2.1
Explore Amazon Web Services|Cloud Services|2015-11-02 00:00:00 UTC|1.5
Animate Your Site With AngularJS|JavaScript|2015-10-23 00:00:00 UTC|1.4
Deploy Your Rails Application Into Heroku|Ruby|2015-10-20 00:00:00 UTC|0.6
Object-Oriented JavaScript With ES6|JavaScript|2015-10-14 00:00:00 UTC|1.7
Up and Running With Swift 2|Swift|2015-10-09 00:00:00 UTC|4.8
Fun With Web Audio|Web Audio API|2015-10-08 00:00:00 UTC|0.8
Building a Wiki With React and Firebase|React|2015-10-01 00:00:00 UTC|2.0
Integrate Rich Media APIs With Foundation for Apps|Foundation|2015-09-29 00:00:00 UTC|1.2
Introduction to Python|Python|2015-09-22 00:00:00 UTC|4.7
Put JavaScript Design Patterns Into Practice|JavaScript|2015-09-17 00:00:00 UTC|2.2
Connect the Web With WebSockets|JavaScript|2015-09-11 00:00:00 UTC|1.1
Develop Apps for Android Wear|Android|2015-09-08 00:00:00 UTC|2.7
Go Further With WooCommerce Themes|WordPress|2015-09-02 00:00:00 UTC|1.4
Build a Microblogging App With Flux and React|React|2015-09-01 00:00:00 UTC|4.0
Easy Node.js Development Environment With Vagrant|DevOps|2015-08-28 00:00:00 UTC|0.7
Getting Started With Django|Django|2015-08-24 00:00:00 UTC|3.4
Build Apps With XDK and Parse|Intel XDK|2015-08-21 00:00:00 UTC|1.0
Essential Ruby Libraries|Ruby|2015-08-13 00:00:00 UTC|1.8
Authenticate Node.js With OAuth 2.0|JavaScript|2015-08-11 00:00:00 UTC|1.6
Add Sound to Your Site With Web Audio|Web Audio API|2015-08-05 00:00:00 UTC|0.9
PHP OWASP Security|Security|2015-08-03 00:00:00 UTC|2.0
Mobile Apps With Ionic and Firebase|Mobile App|2015-07-30 00:00:00 UTC|1.1
Start Coding ES6 With Babel|JavaScript|2015-07-28 00:00:00 UTC|0.7
Get Started with ASP.NET MVC 6|ASP.NET|2015-07-24 00:00:00 UTC|2.8
Get Started With Ruby on Rails|Ruby on Rails|2015-07-21 00:00:00 UTC|2.4
Easy Rails Development Environment With Vagrant|DevOps|2015-07-17 00:00:00 UTC|0.7
Unit Testing With Swift and XCTest|Swift|2015-07-13 00:00:00 UTC|1.8
Building Static Websites With Jekyll|Jekyll|2015-07-07 00:00:00 UTC|2.8
Build a CMS With Rails|Rails|2015-07-06 00:00:00 UTC|2.8
Crawl the Web With Python|Python|2015-07-02 00:00:00 UTC|0.9
AngularJS for Test-Driven Development|AngularJS|2015-06-29 00:00:00 UTC|2.9
Easy Hosting With Azure Websites|Azure|2015-06-23 00:00:00 UTC|1.6
Authentication With ASP.NET Identity|ASP.NET|2015-06-19 00:00:00 UTC|2.0
Create Cross-Platform Mobile Apps With Xamarin.Forms|Xamarin|2015-06-16 00:00:00 UTC|3.1
Create an Image Gallery in Ruby|Ruby|2015-06-12 00:00:00 UTC|0.9
Comparing Front-End Frameworks|Front-End|2015-06-09 00:00:00 UTC|2.7
Build a Store With a Payment Gateway in ASP.NET|ASP.NET|2015-06-01 00:00:00 UTC|2.2
Set Up WordPress Multisite|WordPress|2015-05-28 00:00:00 UTC|1.2
Getting Started With Android|Android|2015-05-27 00:00:00 UTC|2.9
Create a Custom Yeoman Generator|Yeoman|2015-05-26 00:00:00 UTC|2.5
Securing an AngularJS Application|AngularJS|2015-05-20 00:00:00 UTC|1.5
Learn to Code With Ruby|Programming Fundamentals|2015-05-19 00:00:00 UTC|2.2
Getting Started With WatchKit|WatchKit|2015-05-11 00:00:00 UTC|2.2
EmberJS Framework Basics|EmberJS|2015-05-06 00:00:00 UTC|1.8
JavaScript Fundamentals|JavaScript|2015-04-28 00:00:00 UTC|5.7
Advanced OOP In PHP With Tests|Test-Driven Development|2015-04-27 00:00:00 UTC|3.5
Creating Angular Directives|AngularJS|2015-04-23 00:00:00 UTC|1.3
Improving C# With Version 6|C#|2015-04-13 00:00:00 UTC|0.7
Introduction to Git and GitHub|Git|2015-04-09 00:00:00 UTC|2.6
Introduction to WordPress Plugin Development|WordPress|2015-04-08 00:00:00 UTC|1.5
Service-Oriented Architecture for Authentication in Ruby|Service-Oriented Architecture|2015-04-03 00:00:00 UTC|2.7
Game Development With Swift and SpriteKit|Game Development|2015-04-01 00:00:00 UTC|2.6
Up and Running With Foundation for Apps|Foundation for Apps|2015-03-31 00:00:00 UTC|2.6
Functional Programming in JavaScript|Functional Programming|2015-03-25 00:00:00 UTC|1.6
Node.js From Scratch|JavaScript|2015-03-17 00:00:00 UTC|1.5
Deploy a Rails Application With Docker|Docker|2015-03-13 00:00:00 UTC|1.6
Developing a WooCommerce Theme|WordPress|2015-03-12 00:00:00 UTC|1.6
Building a Chrome Extension|Browser Extension|2015-03-10 00:00:00 UTC|1.7
What's New in Laravel 5|Laravel 5|2015-03-06 00:00:00 UTC|0.7
iPhone App Development With Swift|Swift|2015-03-03 00:00:00 UTC|3.2
Getting Started with Backbone|BackboneJS|2015-02-27 00:00:00 UTC|1.8
Redis Applicable to Ruby|Ruby|2015-02-16 00:00:00 UTC|1.3
Introduction to HTML|HTML|2015-02-02 00:00:00 UTC|1.2
Essential Tools for JavaScript Developers|JavaScript|2015-01-31 00:00:00 UTC|1.6
WebSocket-Powered Rails Applications|Ruby on Rails|2015-01-23 00:00:00 UTC|2.7
Programming .NET 4.5|C#|2015-01-20 00:00:00 UTC|3.3
MongoDB and Ruby|Ruby|2015-01-12 00:00:00 UTC|2.0
Require JS Explained|JavaScript|2015-01-08 00:00:00 UTC|1.8
The Swift Programming Language|Swift|2014-12-30 00:00:00 UTC|3.5
Building a CMS With ASP.NET MVC5|ASP.NET|2014-12-23 00:00:00 UTC|5.5
Build a Store With a Payment Gateway in Rails|Ruby|2014-12-22 00:00:00 UTC|3.2
SOLID Design Patterns in C#|C#|2014-12-16 00:00:00 UTC|1.5
Getting Started With React.js|JavaScript|2014-12-02 00:00:00 UTC|2.0
Game Development With EaselJS|Game Development|2014-11-27 00:00:00 UTC|2.2
Beginning Testing in Symfony 2|Symfony 2|2014-11-26 00:00:00 UTC|1.5
Better Web Apps With AngularUI|JavaScript|2014-11-24 00:00:00 UTC|1.4
Testing Ruby With RSpec|Ruby|2014-11-17 00:00:00 UTC|2.4
A Developer's Guide to Setting Up a New Mac|Web Development|2014-11-13 00:00:00 UTC|1.5
Build a CMS in Symfony 2|PHP|2014-11-10 00:00:00 UTC|1.8
Build a Polling Application With Rails|Ruby|2014-10-31 00:00:00 UTC|3.0
JavaScript Unit Testing with Mocha, Chai and Sinon|JavaScript|2014-10-30 00:00:00 UTC|2.0
Windows Phone 8 Development|Windows Phone|2014-10-28 00:00:00 UTC|3.1
Speedy Workflows With Atom|Tools|2014-10-24 00:00:00 UTC|1.7
Getting Started With Symfony 2|PHP|2014-10-17 00:00:00 UTC|2.3
Automated Testing With PHP|PHP|2014-10-15 00:00:00 UTC|2.8
Building Multitenant Apps in Laravel|PHP|2014-10-10 00:00:00 UTC|1.5
Building a Web App From Scratch With AngularJS|AngularJS|2014-09-29 00:00:00 UTC|2.7
Linux Web Developer Setup|Linux|2014-09-27 00:00:00 UTC|2.5
JavaScript for PHP Developers|JavaScript|2014-09-26 00:00:00 UTC|2.0
Multi-Platform Apps In C# With Xamarin|Xamarin|2014-09-16 00:00:00 UTC|3.1
Getting Started with TypeScript|Typescript|2014-09-15 00:00:00 UTC|1.8
Getting Started with Express|Express JS|2014-09-11 00:00:00 UTC|1.1
Getting Started With Laravel 4|Laravel|2014-09-04 00:00:00 UTC|2.7
Build an Email Application With Ruby|Ruby|2014-08-28 00:00:00 UTC|2.6
Getting Started with ASP.NET MVC5|ASP.NET|2014-08-22 00:00:00 UTC|3.3
Building iOS Apps in C# With Xamarin|Xamarin|2014-08-18 00:00:00 UTC|3.1
JavaScript Testing With Jasmine 2.0|Jasmine|2014-08-15 00:00:00 UTC|1.8
Chrome Developer Tools|Chrome DevTools|2014-07-29 00:00:00 UTC|1.5
Introduction to SignalR|SignalR|2014-07-24 00:00:00 UTC|3.2
Custom Interactive Maps With the Google Maps API|Google Maps|2014-07-17 00:00:00 UTC|1.7
Build a CMS With ASP.NET Web Pages|ASP.NET Web Pages|2014-07-11 00:00:00 UTC|5.3
Guide to Your First WordPress Framework|WordPress|2014-07-01 00:00:00 UTC|2.8
Testing in ASP.NET MVC|ASP.NET|2014-06-30 00:00:00 UTC|2.2
Building Android Apps In C# With Xamarin|Xamarin|2014-06-26 00:00:00 UTC|4.3
Pro Front-End Workflows|JavaScript|2014-06-24 00:00:00 UTC|2.1
Real-Time Web Apps With AngularJS and Firebase|AngularJS|2014-06-19 00:00:00 UTC|2.0
Taking a Feature to Exhaustion|Web Development|2014-06-09 00:00:00 UTC|2.5
Getting Started With Sequel|Sequel|2014-05-29 00:00:00 UTC|2.0
Build a Multi-Player Card Game With Meteor|Meteor|2014-05-28 00:00:00 UTC|2.5
ASP.NET Web Pages|ASP.NET|2014-05-27 00:00:00 UTC|4.5
Ruby and Linux|Ruby|2014-05-16 00:00:00 UTC|2.4
Node for the Front-End Developer|Node.js|2014-05-16 00:00:00 UTC|2.2
SVG Uncovered|SVG|2014-05-09 00:00:00 UTC|2.1
ASP.NET At Your Service: Web API|ASP.NET Web API|2014-05-07 00:00:00 UTC|4.8
Authentication With Ruby|Authentication|2014-04-20 00:00:00 UTC|1.6
Building NPM Packages|NPM|2014-04-18 00:00:00 UTC|1.6
Understanding Apache and htaccess|Apache|2014-04-17 00:00:00 UTC|2.2
Gaming With the Corona SDK|Corona SDK|2014-04-12 00:00:00 UTC|2.2
Build a Ruby Product for the Long Run|Ruby|2014-04-07 00:00:00 UTC|4.0
Design Patterns in C#|C#|2014-04-04 00:00:00 UTC|2.7
Writing Node Modules|Node.js|2014-04-03 00:00:00 UTC|1.7
Regression Testing|Regression Testing|2014-04-02 00:00:00 UTC|1.8
PHP Object Oriented Programming Fundamentals|PHP|2014-03-31 00:00:00 UTC|2.3
OOP in PHP With Tests|OOP|2014-03-28 00:00:00 UTC|3.7
Build REST APIs With Grape|Grape|2014-03-28 00:00:00 UTC|2.3
Hands-On Angular|AngularJS|2014-03-28 00:00:00 UTC|3.0
SSH For Newbs|SSH|2014-03-26 00:00:00 UTC|1.0
How to Build a Hypermedia-Driven REST API|JavaScript|2014-03-20 00:00:00 UTC|1.8
Windows App From Scratch|App Development|2014-03-20 00:00:00 UTC|3.7
Venture into Emacs|Emacs|2014-03-11 00:00:00 UTC|2.5
Use Composer|Composer|2014-03-05 00:00:00 UTC|1.5
Database Design|Databases|2014-03-02 00:00:00 UTC|1.1
What's Coming to JavaScript|JavaScript|2014-02-28 00:00:00 UTC|2.3
Design Patterns in WordPress|WordPress|2014-02-27 00:00:00 UTC|1.6
ASP.NET: Web Pages, Web Forms, and MVC|ASP.NET|2014-02-25 00:00:00 UTC|7.8
Hands On: Ember|EmberJS|2014-02-25 00:00:00 UTC|2.9
Ruby MVC Framework From Scratch|Ruby|2014-02-17 00:00:00 UTC|2.2
JavaScript Design Patterns|JavaScript|2014-02-11 00:00:00 UTC|1.7
Gang of Four Design Patterns in Ruby|Design Patterns|2014-02-07 00:00:00 UTC|3.0
Redis Essential|Redis|2014-02-05 00:00:00 UTC|1.6
Jekyll Essentials|Jekyll|2014-02-03 00:00:00 UTC|1.5
Advanced C#|C#|2014-02-02 00:00:00 UTC|3.9
Monitoring Performance With New Relic|New Relic|2014-01-31 00:00:00 UTC|1.7
Building JavaScript Web Apps|Single Page Web Apps|2014-01-30 00:00:00 UTC|2.7
Ruby for PHP Developers|PHP|2014-01-28 00:00:00 UTC|2.8
Metaprogramming in Ruby|Ruby|2014-01-21 00:00:00 UTC|2.5
Beautiful Data with D3|JavaScript|2014-01-20 00:00:00 UTC|2.6
Working With Meta Boxes in WordPress|WordPress|2014-01-16 00:00:00 UTC|1.5
Ember Testing|EmberJS|2014-01-14 00:00:00 UTC|1.8
Machine Learning Distilled|Machine Learning|2014-01-09 00:00:00 UTC|2.8
Build an eCommerce App in Laravel|Laravel|2014-01-08 00:00:00 UTC|2.5
Perfect Workflow in ReSharper|C#|2014-01-06 00:00:00 UTC|3.3
Code Sharing Application|App Development|2014-01-05 00:00:00 UTC|0.9
Learning C# 201|C#|2014-01-03 00:00:00 UTC|2.5
Magento Fundamentals|Magento|2014-01-01 00:00:00 UTC|2.4
Extending ASP.NET MVC|ASP.NET|2013-12-30 00:00:00 UTC|2.4
Diving into Octopress|Content Management|2013-12-20 00:00:00 UTC|1.5
OOD in Ruby: SOLID Principles|OOP|2013-12-19 00:00:00 UTC|2.9
Object-Oriented Design in PHP|PHP|2013-12-13 00:00:00 UTC|1.4
Android for the Busy Developer|Android SDK|2013-12-09 00:00:00 UTC|2.8
Learning Ajax|JavaScript|2013-12-09 00:00:00 UTC|2.6
Canvas Essentials|Canvas|2013-12-06 00:00:00 UTC|2.5
ASP.NET 102: MVC|ASP.NET|2013-12-05 00:00:00 UTC|3.6
Design Patterns in Ruby|Design Patterns|2013-12-02 00:00:00 UTC|2.9
Getting Good with Grunt|Grunt|2013-11-27 00:00:00 UTC|1.5
SOLID Design Patterns|Design Patterns|2013-11-19 00:00:00 UTC|2.5
PostgreSQL Essentials|PostgreSQL|2013-11-17 00:00:00 UTC|1.8
Learning YUI|YUI|2013-11-15 00:00:00 UTC|2.6
Acceptance Testing in Ruby with Cucumber|Cucumber|2013-11-11 00:00:00 UTC|2.5
Building Ribbit in ASP.NET MVC|ASP.NET|2013-11-06 00:00:00 UTC|3.3
Detecting Code Smells|Refactoring|2013-11-05 00:00:00 UTC|3.2
Tools of the Modern Web Developer|CSS|2013-11-01 00:00:00 UTC|4.2
Learning TDD in C#|Test-Driven Development|2013-10-29 00:00:00 UTC|3.7
Say Yo to Yeoman|Yeoman|2013-10-21 00:00:00 UTC|2.4
WordPress Hacker's Guide to the Galaxy|WordPress|2013-10-15 00:00:00 UTC|2.0
Relational Databases|Relational Databases|2013-10-15 00:00:00 UTC|1.5
Hands-On With PhoneGap|PhoneGap|2013-10-11 00:00:00 UTC|0.8
Better Statistics with Google Charts|Google Charts|2013-10-07 00:00:00 UTC|1.6
HTML Kickstart Essentials|CSS|2013-10-04 00:00:00 UTC|3.5
Sencha Touch Essentials|Sencha Touch|2013-10-01 00:00:00 UTC|2.8
Building Ribbit in Rails|Rails|2013-09-23 00:00:00 UTC|2.4
Foundational Flask: Creating Your Own Static Blog Generator|Django|2013-09-16 00:00:00 UTC|4.3
Documentation in Ruby|Ruby|2013-09-10 00:00:00 UTC|1.9
PHP Security Pitfalls|PHP|2013-09-06 00:00:00 UTC|2.3
End-To-End Analytics|Analytics|2013-09-04 00:00:00 UTC|1.9
Testing Tricks for PHP and Laravel Developers|PHP|2013-09-01 00:00:00 UTC|1.3
Test-Driven Development With CoffeeScript and Jasmine|TDD|2013-08-20 00:00:00 UTC|2.0
jQuery UI 301: The Widget Factory|jQuery UI|2013-08-13 00:00:00 UTC|2.3
Object-Oriented Design and Refactoring Patterns in Ruby|Object-Oriented Programming|2013-08-12 00:00:00 UTC|2.4
Ember for Beginners|EmberJS|2013-08-08 00:00:00 UTC|1.3
Backbone on Rails|JavaScript|2013-08-01 00:00:00 UTC|3.1
The MVC Mindset|Fundamentals|2013-07-31 00:00:00 UTC|2.0
jQuery UI 201: Beyond the Basics|jQuery UI|2013-07-22 00:00:00 UTC|2.1
Perfect Workflow in NetBeans|PHP|2013-07-15 00:00:00 UTC|3.0
Virtual Machines With Vagrant and Puppet|Vagrant|2013-07-12 00:00:00 UTC|1.8
Advanced Command Line Techniques|Command-Line|2013-07-09 00:00:00 UTC|2.6
One, Two, Knockout|JavaScript|2013-07-02 00:00:00 UTC|2.2
Ruby Deployment Techniques|Ruby|2013-07-02 00:00:00 UTC|2.0
Using the WordPress Settings API|WordPress|2013-06-25 00:00:00 UTC|2.2
What's New in PHP?|PHP|2013-06-21 00:00:00 UTC|1.9
CodeIgniter Best Practices|PHP|2013-06-17 00:00:00 UTC|2.6
jQuery UI 101: The Essentials|jQuery UI|2013-06-11 00:00:00 UTC|2.4
More Tools of the Modern Web Developer|HTML|2013-06-05 00:00:00 UTC|3.6
Vim for Advanced Users|Vim|2013-06-05 00:00:00 UTC|2.6
Modern Testing in PHP with Codeception|Codeception|2013-06-03 00:00:00 UTC|1.8
Introduction to Computer Programming with Java: 301|Java|2013-06-02 00:00:00 UTC|2.4
Introduction to Computer Programming with Java: 201|Java|2013-06-01 00:00:00 UTC|2.0
Custom Artisan Commands and You|Artisan|2013-05-29 00:00:00 UTC|2.1
Windows 8 Development Using HTML, CSS and JavaScript|Windows|2013-05-23 00:00:00 UTC|5.5
Cross-Platform Browser Testing|Testing|2013-05-19 00:00:00 UTC|2.1
PHP Testing Basics|PHP|2013-05-15 00:00:00 UTC|1.3
Computer Networks Distilled|Networks|2013-05-13 00:00:00 UTC|3.1
Introduction to Computer Programming with Java: 101|Java|2013-05-06 00:00:00 UTC|3.6
PhoneGap Essentials|PhoneGap|2013-05-01 00:00:00 UTC|2.7
Easier JavaScript Apps with AngularJS|AngularJS|2013-04-18 00:00:00 UTC|2.0
BDD in Rails|Ruby on Rails|2013-04-12 00:00:00 UTC|3.0
Let's Learn Ember|EmberJS|2013-04-08 00:00:00 UTC|2.5
PSD to HTML5|CSS|2013-04-01 00:00:00 UTC|2.7
WordPress Widgets: Front To Back|PHP|2013-03-18 00:00:00 UTC|2.0
Techniques for Refactoring Code|PHP|2013-03-12 00:00:00 UTC|3.5
Django Unchained|Django|2013-03-07 00:00:00 UTC|4.3
Catch Up with Ruby on Rails 4|Ruby on Rails|2013-03-04 00:00:00 UTC|2.7
Make it Snappy, Rails|Rails|2013-03-01 00:00:00 UTC|2.4
Easier JavaScript With TypeScript|Typescript|2013-02-22 00:00:00 UTC|4.1
Single Page Web Apps with Meteor|App Development|2013-02-18 00:00:00 UTC|3.2
Whatâ€™s New in Laravel 4|Laravel|2013-02-13 00:00:00 UTC|3.4
Command-Line Apps in Ruby|Ruby|2013-02-12 00:00:00 UTC|2.9
jQuery Mobile: Beyond the Basics|jQuery Mobile|2013-02-05 00:00:00 UTC|2.1
Hands-On: Presentation Slides With Backbone|JavaScript|2013-02-04 00:00:00 UTC|2.4
Rails or Laravel: Building an App Twice|Rails|2013-01-21 00:00:00 UTC|2.5
Build a CMS in CodeIgniter|CodeIgniter|2013-01-15 00:00:00 UTC|3.3
Go Portable with jQuery Mobile|jQuery Mobile|2013-01-09 00:00:00 UTC|2.0
CSS Terminology Decoded|CSS|2013-01-08 00:00:00 UTC|2.1
Learning MongoDB|MongoDB|2013-01-04 00:00:00 UTC|2.9
Simple Sinatra|Sinatra|2012-12-23 00:00:00 UTC|3.4
Agile Design Patterns|Agile|2012-12-17 00:00:00 UTC|4.2
Hands-On: Build a Practical Web Application with Laravel|Web Applications|2012-12-11 00:00:00 UTC|2.5
Mac Application Development|Desktop Applications|2012-11-30 00:00:00 UTC|11.7
Advanced Backbone Patterns and Techniques|BackboneJS|2012-11-26 00:00:00 UTC|4.4
Connected to the Backbone|BackboneJS|2012-11-20 00:00:00 UTC|3.8
Object-Oriented JavaScript|JavaScript|2012-11-09 00:00:00 UTC|3.3
So You Want To Be A Programmer?|Programming Fundamentals|2012-11-02 00:00:00 UTC|2.7
Test-Driven PHP in Action|PHP|2012-10-26 00:00:00 UTC|2.8
Venture Into Vim|Vim|2012-10-22 00:00:00 UTC|3.0
SQL Essentials|SQL|2012-10-16 00:00:00 UTC|2.3
Programming Windows in .NET|.NET|2012-10-08 00:00:00 UTC|4.3
Less is More|CSS|2012-10-05 00:00:00 UTC|2.1
Perfect Workflow in Sublime Text 2|Sublime Text|2012-09-24 00:00:00 UTC|2.5
Programming in Objective-C|Objective-C|2012-09-20 00:00:00 UTC|1.8
Riding Ruby on Rails|Rails|2012-09-18 00:00:00 UTC|3.2
Build Web Apps in Node and Express|Node.js|2012-09-13 00:00:00 UTC|2.4
jQuery Plugin Development: Best Practices|jQuery|2012-09-10 00:00:00 UTC|2.3
An Introduction to Node.js|Node.js|2012-09-02 00:00:00 UTC|2.9
Programming .NET|App Development|2012-08-27 00:00:00 UTC|5.9
PHP Fundamentals|PHP|2012-08-24 00:00:00 UTC|9.8
Getting Started with Python|Python|2012-08-21 00:00:00 UTC|2.8
Laravel 3 Essentials|Laravel|2012-08-15 00:00:00 UTC|4.4
CodeIgniter Essentials|PHP|2012-08-09 00:00:00 UTC|1.8
The Fundamentals of Ruby|Ruby|2012-08-03 00:00:00 UTC|2.4
Git Essentials|Workflow|2012-07-16 00:00:00 UTC|3.1
Understanding Backbone in .NET|BackboneJS|2012-07-12 00:00:00 UTC|1.9
JavaScript Testing With Jasmine|Jasmine|2012-07-10 00:00:00 UTC|2.7
FuelPHP Essentials|PHP|2012-07-04 00:00:00 UTC|2.7
Maintainable CSS With Sass and Compass|Sass|2012-07-03 00:00:00 UTC|1.2
Cleaner Code With CoffeeScript|CoffeeScript|2012-06-29 00:00:00 UTC|2.2
JavaScript Fundamentals 2012|JavaScript|2012-06-24 00:00:00 UTC|5.5
Test-Driven Development in Ruby|TDD|2012-06-12 00:00:00 UTC|2.4
Advanced JavaScript Fundamentals|JavaScript|2012-06-08 00:00:00 UTC|3.8
How to Be a Terminal Pro|Terminal|2012-05-06 00:00:00 UTC|1.9
HTML5 Fundamentals|HTML5|2012-03-07 00:00:00 UTC|2.8
30 Days to Learn C#|C#|2012-03-01 00:00:00 UTC|7.2
30 Days to Learn jQuery|JavaScript|2012-02-01 00:00:00 UTC|8.0
Regular Expressions: Up and Running|Regular Expressions|2012-01-09 00:00:00 UTC|1.7
WordPress Plugin Development Essentials|WordPress|2011-12-05 00:00:00 UTC|3.5
Easy Development With jQuery Mobile|jQuery Mobile|2011-09-11 00:00:00 UTC|1.5
Create Killer Build Scripts with Phing|Phing|2011-08-15 00:00:00 UTC|1.8
